"ID_Band","TimePoint","Treatment","AgeCategory","Sex","Mom_ID","Cohort","Died_InTrt","Glucose_1","Glucose_2","Glucose_3","Ketone_1","Ketone_2","Ketone_3","Plasma_Color","Hematocrit","BleedTime_Min","Glucose_Meter_Lot_Number","Ketone_Meter_Lot_Number","Room","Notes.x","Blood_SQ.Mean_SCNAG","Blood_SQ.Mean_mtDNA","Blood_mtDNA.Mean","Blood_Cq.Mean_SCNAG","Blood_SQ.Mean_Telomeres","Blood_Cq.Mean_Telomeres","Blood_Telomeres.per.cell","PlateNumber","TubeID","Extractor","CORT.ng.mL.","Notes.y"
4529,"Baseline","C","Older","F",4111,1,"No","240","265","No","0.6","0.4","No","No","No","","031324A","",118,"",NA,NA,NA,NA,NA,NA,NA,6,164,"MRM",NA,"Tube was empty"
4529,"Treatment","C","Older","F",4111,1,"No","193","237","No","0.3","No","No","U","52","2:00","042224A","",113,"",NA,NA,NA,NA,NA,NA,NA,6,161,"MRM",1.532691351,""
4530,"Baseline","D","Older","F",4111,1,"No","227","220","No","0.4","0.3","No","No","53","","022723A","",114,"",NA,NA,NA,NA,NA,NA,NA,8,198,"BH",4.918370117,""
4530,"Treatment","D","Older","F",4111,1,"No","265","235","259","0.4","No","No","U","53","1:47","","",113,"",NA,NA,NA,NA,NA,NA,NA,8,210,"BH",1.919834343,""
4531,"Baseline","B","Older","F",4115,1,"Yes","179","186","No","0.6","0.6","No","U","54.5","","031324A","",118,"",NA,NA,NA,NA,NA,NA,NA,8,220,"BH",0.662644618,""
4531,"Treatment","B","Older","F",4115,1,"Yes","225","215","No","0.6","No","No","U","58","1:46","031324A","",113,"",NA,NA,NA,NA,NA,NA,NA,8,224,"Bh",3.488592321,""
4533,"Baseline","E","Older","F",4150,2,"No","169","246","252","0.4","0.3","No","L","60","3:00","031324A","75001L04",114,"",NA,NA,NA,NA,NA,NA,NA,5,116,"BH",2.654737219,"Lysed"
4533,"Heat","E","Older","F",4150,2,"No","207","196","No","0.4","No","No","U","60","1:50","042224A","",113,"",NA,NA,NA,NA,NA,NA,NA,5,130,"BH",2.808714889,""
4533,"Treatment","E","Older","F",4150,2,"No","211","209","No","0.5","No","No","U","54","1:34","","",113,"",NA,NA,NA,NA,NA,NA,NA,5,133,"BH",1.090060013,""
4534,"Baseline","B","Older","F",4150,2,"No","201","283","280","0.3","0.3","No","L","50","2:57","031324A","75001L04",114,"",NA,NA,NA,NA,NA,NA,NA,1,5,"BH",0.752525573,"Lysed"
4534,"Treatment","B","Older","F",4150,2,"No","253","242","No","0.6","No","No","U","58","1:32","042224A","",113,"",NA,NA,NA,NA,NA,NA,NA,1,18,"BH",5.966894628,""
4535,"Baseline","E","Older","F",4284,1,"No","168","166","No","0.3","0.3","No","No","54","","022723A","",114,"",NA,NA,NA,NA,NA,NA,NA,1,16,"BH",0.294881274,"Transferred from bad tube, lysed"
4535,"Heat","E","Older","F",4284,1,"No","217","No","No","No","No","No","U","60","3:00","031324A","",113,"",NA,NA,NA,NA,NA,NA,NA,1,11,"BH",2.994714924,""
4535,"Treatment","E","Older","F",4284,1,"No","220","210","No","0.7","No","No","U","60","2:20","031324A","",113,"nodule on wing",NA,NA,NA,NA,NA,NA,NA,1,19,"BH",0.734045134,""
4543,"Baseline","A","Older","M",4168,2,"No","230","271","No","0.4","0.3","No","U","51","1:24","031324A","75001L04",118,"",NA,NA,NA,NA,NA,NA,NA,3,70,"MRM",0.708780736,""
4543,"Treatment","A","Older","M",4168,2,"No","316","306","No","0.4","No","No","L","52","2:55","042224A","",113,"",NA,NA,NA,NA,NA,NA,NA,3,72,"MRM",1.843521305,"Lysed"
4548,"Baseline","E","Older","F",4432,4,"No","No","No","No","No","No","No","No","No","3:00","031324A","75001L04",114,"",NA,NA,NA,NA,NA,NA,NA,NA,NA,NA,NA,NA
4548,"Heat","E","Older","F",4432,4,"No","289","260","No","0.8","No","No","U","0.8","1:45","031324A","75001L04",113,"",NA,NA,NA,NA,NA,NA,NA,7,183,"MRM",40.81104841,""
4548,"Treatment","E","Older","F",4432,4,"No","191","180","No","0.4","No","No","U","62","1:42","","",113,"",NA,NA,NA,NA,NA,NA,NA,7,192,"MRM",0.658007705,""
4551,"Baseline","D","Older","F",4150,2,"No","185","177","No","0.5","0.7","No","L","54","3:00","031324A","75001L04",118,"",NA,NA,NA,NA,NA,NA,NA,7,179,"MRM",0.658007705,"Lysed"
4551,"Treatment","D","Older","F",4150,2,"No","231","228","No","0.3","No","No","U","52","1:12","032204A","",113,"",NA,NA,NA,NA,NA,NA,NA,7,170,"MRM",0.658007705,""
4552,"Baseline","A","Older","F",4150,2,"No","228","247","No","0.3","0.3","No","U","54","3:00","031324A","75001L04",114,"",NA,NA,NA,NA,NA,NA,NA,6,148,"MRM",1.681278122,"Lysed"
4552,"Treatment","A","Older","F",4150,2,"No","245","245","No","0.5","No","No","U","52","2:22","042224A","",113,"",NA,NA,NA,NA,NA,NA,NA,6,156,"MRM",2.390110842,""
4554,"Baseline","C","Older","F",4181,2,"No","291","337","No","0.4","No","No","L","No","3:00","031324A","75001L04",114,"",NA,NA,NA,NA,NA,NA,NA,NA,NA,NA,NA,NA
4554,"Treatment","C","Older","F",4181,2,"No","286","283","No","0.6","No","No","L","56","1:54","042224A","",113,"",NA,NA,NA,NA,NA,NA,NA,7,174,"MRM",0.658007705,""
4556,"Baseline","A","Older","M",4287,1,"No","213","211","No","0.2","0.2","No","No","50","","022723A","",114,"",NA,NA,NA,NA,NA,NA,NA,9,226,"BH",1.602584603,"Was transferred out of bad tube"
4556,"Treatment","A","Older","M",4287,1,"No","197","194","No","0.4","No","No","U","56","1:09","031324A","",113,"",NA,NA,NA,NA,NA,NA,NA,9,235,"BH",5.626293111,""
4559,"Baseline","C","Older","M",4127,4,"No","250","257","No","0.6","No","No","U","55","1:42","031324A","75001L04",118,"",NA,NA,NA,NA,NA,NA,NA,NA,NA,NA,NA,NA
4559,"Treatment","C","Older","M",4127,4,"No","179","181","No","0.6","No","No","U","52","1:30","031324A","75001L04",113,"",NA,NA,NA,NA,NA,NA,NA,7,196,"MRM",0.658007705,"Did not get a full 250uL of EA on first extraction "
4561,"Baseline","C","Older","F",4168,2,"No","225","231","No","0.4","0.3","No","U","56","3:00","031324A","75001L04",118,"",NA,NA,NA,NA,NA,NA,NA,2,51,"MRM",1.828263896,""
4561,"Treatment","C","Older","F",4168,2,"No","258","238","No","0.5","No","No","U","60","2:20","042224A","",113,"",NA,NA,NA,NA,NA,NA,NA,2,29,"MRM",0.423809289,""
4562,"Baseline","D","Older","F",4290,4,"No","283","248","No","0.4","No","No","U","52","3:00","031324A","75001L04",114,"",NA,NA,NA,NA,NA,NA,NA,NA,NA,NA,NA,NA
4562,"Treatment","D","Older","F",4290,4,"No","213","201","No","0.2","0.2","No","U","50","1:28","031324A","75001L04",113,"",NA,NA,NA,NA,NA,NA,NA,NA,NA,NA,NA,NA
4572,"Baseline","A","Older","F",4112,1,"No","162","171","No","0.4","0.3","No","U","56","","031324A","",118,"",NA,NA,NA,NA,NA,NA,NA,9,229,"BH",1.602584603,"Was transferred out of bad tube, lysed"
4572,"Treatment","A","Older","F",4112,1,"No","192","239","No","0.4","No","No","U","56","1:09","031324A","",113,"",NA,NA,NA,NA,NA,NA,NA,9,237,"BH",3.389848032,""
4573,"Baseline","D","Older","F",4157,1,"No","209","190","No","0.4","0.5","No","U","54","","031324A","",118,"",NA,NA,NA,NA,NA,NA,NA,2,32,"MRM",0.423809289,"Transferred from bad tube, lysed"
4573,"Treatment","D","Older","F",4157,1,"No","239","207","195","0.6","No","No","U/L","54","3:00","","",113,"",NA,NA,NA,NA,NA,NA,NA,2,41,"MRM",1.988843579,"Lysed"
4578,"Baseline","D","Older","F",4171,2,"No","265","271","No","0.4","No","No","U","56","2:55","031324A","75001L04",114,"",NA,NA,NA,NA,NA,NA,NA,9,230,"BH",1.602584603,"Lysed"
4578,"Treatment","D","Older","F",4171,2,"No","180","171","No","0.3","No","No","U","58","2:06","032204A","",113,"",NA,NA,NA,NA,NA,NA,NA,NA,NA,NA,NA,NA
4579,"Baseline","E","Older","F",4171,2,"No","216","200","No","0.4","0.5","No","U","58","1:30","031324A","75001L04",118,"",NA,NA,NA,NA,NA,NA,NA,4,103,"BH",0.631540734,""
4579,"Heat","E","Older","F",4171,2,"No","239","229","No","0.7","No","No","U","60","1:15","042224A","",113,"",NA,NA,NA,NA,NA,NA,NA,4,85,"BH",1.58606877,"NOTE FOR WHOLE PLATE: Ben extracted but Meg pipetted off supernatant during the third round"
4579,"Treatment","E","Older","F",4171,2,"No","200","212","No","0.6","No","No","U","58","2:25","","",113,"",NA,NA,NA,NA,NA,NA,NA,4,106,"BH",1.179161203,""
4582,"Baseline","E","Younger","F",4222,3,"No","269","271","No","0.4","0.5","No","No","No","","","",114,"Lot numbers not marked in data sheet but bleeds before and after this date, use the same lot numbers.",NA,NA,NA,NA,NA,NA,NA,NA,NA,NA,NA,NA
4582,"Heat","E","Younger","F",4222,3,"No","312","331","No","0.4","No","No","U","58","2:50","031324A","75001L04",113,"",NA,NA,NA,NA,NA,NA,NA,4,97,"BH",3.670771506,""
4582,"Treatment","E","Younger","F",4222,3,"No","243","247","No","0.4","0.5","No","U","52","No","050124A","75001L04",113,"",NA,NA,NA,NA,NA,NA,NA,4,110,"BH",1.424137493,""
4586,"Baseline","C","Older","F",4222,3,"No","270","262","No","0.5","0.6","No","L","No","","","",118,"Lot numbers not marked in data sheet but bleeds before and after this date, use the same lot numbers.",NA,NA,NA,NA,NA,NA,NA,1,7,"BH",1.411193388,"Lysed"
4586,"Treatment","C","Older","F",4222,3,"No","276","203","No","0.6","No","No","U","No","3:00/6:30","031324A","75001L04",113,"",NA,NA,NA,NA,NA,NA,NA,1,2,"BH",5.505247532,"Lysed"
4593,"Baseline","B","Older","M",4149,2,"No","180","170","No","0.3","0.4","No","U","56","3:00","031324A","75001L04",118,"",NA,NA,NA,NA,NA,NA,NA,6,154,"MRM",2.844350167,""
4593,"Treatment","B","Older","M",4149,2,"No","326","272","No","0.6","No","No","U","62","1:30","042224A","",113,"",NA,NA,NA,NA,NA,NA,NA,6,152,"MRM",10.15745773,""
4600,"Baseline","B","Older","M",4184,3,"No","170","170","No","0.6","0.7","No","No","63","","","",114,"Lot numbers not marked in data sheet but bleeds before and after this date, use the same lot numbers.",NA,NA,NA,NA,NA,NA,NA,9,225,"BH",4.361357716,"Lysed"
4600,"Treatment","B","Older","M",4184,3,"No","242","244","No","0.3","No","No","U","63","3:00","042224A","75001L04",113,"",NA,NA,NA,NA,NA,NA,NA,9,234,"BH",6.819620052,"Lysed"
4601,"Baseline","C","Older","F",4184,3,"No","242","245","No","0.5","0.6","No","L","56","","","",114,"Lot numbers not marked in data sheet but bleeds before and after this date, use the same lot numbers.",NA,NA,NA,NA,NA,NA,NA,4,96,"BH",0.79720613,"Lysed"
4601,"Treatment","C","Older","F",4184,3,"No","143","133","No","1.8","No","No","U","56","1:21","031324A","75001L04",113,"",NA,NA,NA,NA,NA,NA,NA,4,98,"BH",4.136421397,""
4604,"Baseline","D","Older","F",4184,3,"No","212","244","No","0.5","0.6","No","U","No","","","",118,"Lot numbers not marked in data sheet but bleeds before and after this date, use the same lot numbers.",NA,NA,NA,NA,NA,NA,NA,2,46,"MRM",1.468740072,"Lysed"
4604,"Treatment","D","Older","F",4184,3,"No","220","204","No","0.5","No","No","U","62","2:09","031324A","75001L04",113,"",NA,NA,NA,NA,NA,NA,NA,2,30,"MRM",0.495410936,""
4608,"Baseline","C","Older","F",4124,1,"No","141","132","No","0.1","0.2","No","No","34","","022723A","",114,"",NA,NA,NA,NA,NA,NA,NA,8,215,"BH",0.000500511,"Milky, was transferred out of bad tube"
4608,"Treatment","C","Older","F",4124,1,"No","255","244","No","0.6","No","No","U","54","3:00","042224A","",113,"",NA,NA,NA,NA,NA,NA,NA,8,221,"BH",3.697049599,"Lysed"
4612,"Baseline","E","Older","F",4412,1,"No","223","283","247","0.4","0.3","No","U","50","","031324A","",118,"",NA,NA,NA,NA,NA,NA,NA,6,144,"MRM",NA,"Error occurred during extraction could not run sample"
4612,"Heat","E","Older","F",4412,1,"No","300","290","No","1.3","No","No","U","50","1:02","031324A","",113,"",NA,NA,NA,NA,NA,NA,NA,6,155,"MRM",12.79971871,""
4612,"Treatment","E","Older","F",4412,1,"No","253","242","No","0.6","No","No","U","51","2:27","031324A","",113,"Fatty",NA,NA,NA,NA,NA,NA,NA,6,147,"MRM",1.532691351,""
4613,"Baseline","B","Older","M",4412,4,"No","234","238","No","0.7","No","No","U","56","2:46","031324A","75001L04",118,"",NA,NA,NA,NA,NA,NA,NA,8,211,"BH",0.545393897,""
4613,"Treatment","B","Older","M",4412,4,"No","227","227","No","0.6","No","No","L","56","3:00/4:00","031324A","75001L04",113,"",NA,NA,NA,NA,NA,NA,NA,8,217,"BH",2.750076533,"Lysed"
4614,"Baseline","B","Older","M",4340,1,"No","188","179","No","No","No","No","No","55","","022723A","",114,"",NA,NA,NA,NA,NA,NA,NA,NA,NA,NA,NA,NA
4614,"Treatment","B","Older","M",4340,1,"No","294","292","No","0.6","No","No","U","58","3:00","031324A","",113,"",NA,NA,NA,NA,NA,NA,NA,NA,NA,NA,NA,NA
4619,"Baseline","E","Older","F",4470,3,"No","281","279","No","0.6","0.6","No","U","No","","","",118,"Lot numbers not marked in data sheet but bleeds before and after this date, use the same lot numbers.",NA,NA,NA,NA,NA,NA,NA,3,76,"MRM",1.337245638,""
4619,"Heat","E","Older","F",4470,3,"No","296","306","No","0.4","No","No","U","56","2:41","031324A","75001L04",113,"",NA,NA,NA,NA,NA,NA,NA,3,63,"MRM",3.53997886,""
4619,"Treatment","E","Older","F",4470,3,"No","324","312","No","0.6","0.6","No","U","52","No","050124A","75001L04",113,"",NA,NA,NA,NA,NA,NA,NA,3,79,"MRM",1.953806121,"Lysed"
4620,"Baseline","B","Older","F",4470,3,"No","253","254","No","0.5","0.5","No","U","No","","","",118,"Lot numbers not marked in data sheet but bleeds before and after this date, use the same lot numbers.",NA,NA,NA,NA,NA,NA,NA,7,188,"MRM",0.983414102,""
4620,"Treatment","B","Older","F",4470,3,"No","333","327","No","0.4","No","No","U","54","2:42","042224A","75001L04",113,"",NA,NA,NA,NA,NA,NA,NA,7,194,"MRM",2.526283869,""
4621,"Baseline","D","Older","F",4470,3,"No","259","265","No","0.7","0.7","No","U","52","","","",114,"Lot numbers not marked in data sheet but bleeds before and after this date, use the same lot numbers.",NA,NA,NA,NA,NA,NA,NA,9,228,"BH",1.602584603,""
4621,"Treatment","D","Older","F",4470,3,"No","343","332","No","0.6","No","No","U/L","52","3:00/4:14","031324A","75001L04",113,"",NA,NA,NA,NA,NA,NA,NA,9,233,"BH",2.066950078,"Lysed"
4622,"Baseline","A","Older","F",4470,3,"No","No","No","No","No","No","No","No","No","","","",118,"Lot numbers not marked in data sheet but bleeds before and after this date, use the same lot numbers.",NA,NA,NA,NA,NA,NA,NA,NA,NA,NA,NA,NA
4622,"Treatment","A","Older","F",4470,3,"No","302","265","No","0.6","No","No","U","54","3:01/6:30","042224A","75001L04",113,"",NA,NA,NA,NA,NA,NA,NA,1,8,"BH",6.715365421,""
4625,"Baseline","E","Younger","F",4450,4,"No","241","240","No","0.3","0.3","No","U","58","1:46","031324A","75001L04",118,"",974.0627332,63.21475406,0.064898032,21.69972135,353530.2255,13.93420856,362.9440008,NA,NA,NA,NA,NA
4625,"Heat","E","Younger","F",4450,4,"No","313","315","No","1.1","No","No","U","1.1","3:00","031324A","75001L04",113,"",NA,NA,NA,NA,NA,NA,NA,NA,NA,NA,NA,NA
4625,"Treatment","E","Younger","F",4450,4,"No","208","203","No","0.4","No","No","U","54","2:32","","",113,"",NA,NA,NA,NA,NA,NA,NA,4,88,"BH",3.179701263,"Lysed"
4703,"Baseline","B","Younger","F",4112,5,"No","178","183","No","1.8","1.8","No","U","58","1:20","042224A","75001L04",118,"",NA,NA,NA,NA,NA,NA,NA,6,157,"MRM",1.532691351,""
4703,"Treatment","B","Younger","F",4112,5,"No","205","206","No","0.7","No","No","No","No","3:00/3:44","031324A","75001L04",113,"",NA,NA,NA,NA,NA,NA,NA,6,166,"MRM",2.273457942,""
4704,"Baseline","C","Younger","F",4112,5,"No","263","243","No","0.7","No","No","U","56","3:00","031324A","75001L04",114,"",NA,NA,NA,NA,NA,NA,NA,9,240,"BH",2.570964425,""
4704,"Treatment","C","Younger","F",4112,5,"No","181","190","No","0.5","No","No","No","63","2:24","031324A","75001L04",113,"",NA,NA,NA,NA,NA,NA,NA,9,239,"BH",1.602584603,""
4705,"Baseline","A","Younger","M",4184,5,"No","267","271","No","0.7","No","No","U","54","2:24","042224A","75001L04",114,"",NA,NA,NA,NA,NA,NA,NA,5,132,"BH",0.618275968,""
4705,"Treatment","A","Younger","M",4184,5,"No","270","No","No","No","No","No","L","34","5:00/4:13","031324A","75001L04",113,"",NA,NA,NA,NA,NA,NA,NA,5,120,"BH",1.062924178,"Lysed"
4707,"Baseline","A","Younger","F",4165,4,"No","232","230","No","0.4","No","No","U/L","52","2:58","031324A","75001L04",114,"",NA,NA,NA,NA,NA,NA,NA,5,126,"BH",2.285050454,"Lysed"
4707,"Treatment","A","Younger","F",4165,4,"No","178","133","No","0.6","No","No","U","No","3:00/4:00","031324A","75001L04",113,"",NA,NA,NA,NA,NA,NA,NA,5,124,"BH",3.091743729,"Lysed"
4708,"Baseline","A","Older","M",4165,3,"No","231","228","No","0.3","0.3","No","U","56","","","",114,"Lot numbers not marked in data sheet but bleeds before and after this date, use the same lot numbers.",NA,NA,NA,NA,NA,NA,NA,5,131,"BH",0.463078997,""
4708,"Treatment","A","Older","M",4165,3,"No","241","270","No","0.3","No","No","U","60","3:00/5:30","042224A","75001L04",113,"",NA,NA,NA,NA,NA,NA,NA,5,123,"BH",1.699836538,""
4712,"Baseline","B","Younger","F",4123,4,"No","211","212","No","0.4","0.4","No","U/L","54","1:59","031324A","75001L04",114,"",NA,NA,NA,NA,NA,NA,NA,5,121,"BH",0.463078997,""
4712,"Treatment","B","Younger","F",4123,4,"No","211","210","No","0.3","No","No","U","54","1:36","031324A","75001L04",113,"",NA,NA,NA,NA,NA,NA,NA,5,118,"BH",4.284394873,""
4713,"Baseline","A","Younger","F",4115,4,"No","222","No","No","0.4","No","No","U","52","1:34","031324A","75001L04",118,"",NA,NA,NA,NA,NA,NA,NA,2,56,"MRM",0.823068348,""
4713,"Treatment","A","Younger","F",4115,4,"No","273","261","No","0.6","No","No","U","52","2:00","031324A","75001L04",113,"",NA,NA,NA,NA,NA,NA,NA,2,55,"MRM",2.730062555,""
4715,"Baseline","C","Older","F",4115,4,"No","348","253","294","0.5","No","No","L","50","3:00","031324A","75001L04",114,"",NA,NA,NA,NA,NA,NA,NA,NA,NA,NA,NA,NA
4715,"Treatment","C","Older","F",4115,4,"No","209","200","No","0.6","No","No","U","60","1:50","031324A","75001L04",113,"",NA,NA,NA,NA,NA,NA,NA,8,219,"BH",0.563614415,"tube says this is C cohort"
4717,"Baseline","C","Younger","F",4157,5,"No","292","275","No","0.6","No","No","U/L","50","2:42","042224A","75001L04",118,"",NA,NA,NA,NA,NA,NA,NA,8,205,"BH",0.095287329,"Milky"
4717,"Treatment","C","Younger","F",4157,5,"No","256","221","No","0.5","No","No","L","59","3:00/4:57","031324A","75001L04",113,"",NA,NA,NA,NA,NA,NA,NA,8,201,"BH",2.369680989,"Lysed"
4718,"Baseline","A","Younger","F",4157,5,"No","269","269","No","0.4","No","No","Y","50","1:35","042224A","75001L04",118,"",NA,NA,NA,NA,NA,NA,NA,7,187,"MRM",0.658007705,""
4718,"Treatment","A","Younger","F",4157,5,"No","268","248","No","0.6","No","No","No","No","2:55","031324A","75001L04",113,"",NA,NA,NA,NA,NA,NA,NA,NA,NA,NA,NA,NA
4719,"Baseline","D","Younger","F",4222,4,"Yes","245","No","No","0.5","No","No","U","56.5","3:00","031324A","75001L04",118,"",NA,NA,NA,NA,NA,NA,NA,4,87,"BH",3.342984133,"Transferred from bad tub"
4719,"Treatment","D","Younger","F",4222,4,"Yes","No","No","No","No","No","No","No","No","No","031324A","75001L04",113,"",NA,NA,NA,NA,NA,NA,NA,4,107,"BH",4.225158697,""
4720,"Baseline","E","Younger","F",4374,5,"No","275","271","No","0.4","No","No","U","50","1:31","042224A","75001L04",118,"",165.4170622,128.7004163,0.778035921,24.19143663,126633.2464,15.67508931,765.5392057,5,128,"BH",0.619679545,""
4720,"Heat","E","Younger","F",4374,5,"No","276","303","No","0.3","No","No","L","41","3:00","031324A","75001L04",113,"",NA,NA,NA,NA,NA,NA,NA,5,122,"BH",6.038685027,""
4720,"Treatment","E","Younger","F",4374,5,"No","237","223","No","0.3","No","No","U","50","2:42","","",113,"",NA,NA,NA,NA,NA,NA,NA,5,115,"BH",2.620947386,""
4723,"Baseline","D","Younger","F",4206,5,"No","273","256","No","0.4","0.3","No","U","54","4:00","042224A","75001L04",118,"",NA,NA,NA,NA,NA,NA,NA,4,93,"BH",0.817765943,"Lysed"
4723,"Treatment","D","Younger","F",4206,5,"No","225","212","No","0.4","No","No","U","52","No","031324A","75001L04",113,"",NA,NA,NA,NA,NA,NA,NA,4,89,"BH",0.773631223,""
4725,"Baseline","B","Younger","M",4574,6,"No","266","255","No","0.3","No","No","U","50","3:00/3:35","042224A","",118,"Lot numbers not marked in data sheet but bleeds before and after this date, use the same lot numbers.",NA,NA,NA,NA,NA,NA,NA,3,69,"MRM",0.662254735,"Lysed"
4725,"Treatment","B","Younger","M",4574,6,"No","231","230","No","0.5","No","No","U","50","2:00","032024A","75001L04",113,"",NA,NA,NA,NA,NA,NA,NA,3,62,"MRM",5.617117872,""
4729,"Baseline","D","Younger","F",4374,5,"No","296","280","No","0.5","No","No","U","52","2:23","031324A","75001L04",114,"",NA,NA,NA,NA,NA,NA,NA,6,153,"MRM",1.68327952,""
4729,"Treatment","D","Younger","F",4374,5,"No","229","213","No","0.4","No","No","U","52","No","031324A","75001L04",113,"",NA,NA,NA,NA,NA,NA,NA,6,158,"MRM",1.532691351,""
4731,"Baseline","C","Younger","F",4175,6,"No","243","235","No","0.6","No","No","U","56","3:00/3:30","042224A","",118,"Lot numbers not marked in data sheet but bleeds before and after this date, use the same lot numbers.",NA,NA,NA,NA,NA,NA,NA,5,127,"BH",3.103700131,""
4731,"Treatment","C","Younger","F",4175,6,"No","166","165","No","0.7","No","No","U","58","3:00/3:35","032024A","75001L04",113,"",NA,NA,NA,NA,NA,NA,NA,5,134,"BH",4.488511457,""
4735,"Baseline","D","Younger","F",4210,6,"No","186","191","No","0.4","No","No","U","54","1:35","042224A","",118,"Lot numbers not marked in data sheet but bleeds before and after this date, use the same lot numbers.",NA,NA,NA,NA,NA,NA,NA,7,191,"MRM",0.658007705,""
4735,"Treatment","D","Younger","F",4210,6,"No","177","204","215","0.4","No","No","U","54","1:28","032024A","75001L04",113,"",NA,NA,NA,NA,NA,NA,NA,7,180,"MRM",1.063963865,""
4737,"Baseline","C","Younger","F",4210,6,"Yes","280","293","No","0.4","No","No","U","54","1:52","042224A","",114,"Lot numbers not marked in data sheet but bleeds before and after this date, use the same lot numbers.",204.942183,30.2143487,0.147428647,23.89250377,90483.13549,16.19194267,441.5056684,NA,NA,NA,NA,NA
4737,"Treatment","C","Younger","F",4210,6,"Yes","No","No","No","No","No","No","No","No","No","No","No",113,"",NA,NA,NA,NA,NA,NA,NA,NA,NA,NA,NA,NA
4738,"Baseline","E","Younger","F",4210,6,"No","254","217","No","0.3","No","No","L","52","2:30","042224A","",114,"Lot numbers not marked in data sheet but bleeds before and after this date, use the same lot numbers.",123.4994096,26.62164244,0.215560888,24.6023404,54701.82001,17.04049759,442.9318342,1,6,"BH",0.734798907,"Lysed"
4738,"Heat","E","Younger","F",4210,6,"No","264","251","No","0.7","No","No","U","54","1:47","032024A","75001L04",113,"",NA,NA,NA,NA,NA,NA,NA,1,15,"BH",19.4055011,""
4738,"Treatment","E","Younger","F",4210,6,"No","230","230","No","0.4","No","No","U/L","58","3:00/4:18","","",113,"Double check bleed times on actual datasheet",NA,NA,NA,NA,NA,NA,NA,1,25,"BH",3.38719683,"Lysed"
4739,"Baseline","E","Younger","F",4023,5,"No","205","208","No","0.4","No","No","U","58","1:45","042224A","75001L04",114,"",92.00273001,48.29678786,0.524949508,25.02671685,149955.61,15.3550255,1629.903917,8,204,"BH",0.966207279,""
4739,"Heat","E","Younger","F",4023,5,"No","199","192","No","0.6","No","No","U","57","1:48","031324A","75001L04",113,"",NA,NA,NA,NA,NA,NA,NA,8,197,"BH",1.666514564,""
4739,"Treatment","E","Younger","F",4023,5,"No","189","171","No","0.5","No","No","U","56","3:00","","",113,"",NA,NA,NA,NA,NA,NA,NA,8,216,"BH",0.368439141,""
4741,"Baseline","B","Younger","F",4111,6,"No","211","211","No","0.5","No","No","L","58","2:25","042224A","",114,"Lot numbers not marked in data sheet but bleeds before and after this date, use the same lot numbers.",NA,NA,NA,NA,NA,NA,NA,4,86,"BH",0.631540734,"Lysed"
4741,"Treatment","B","Younger","F",4111,6,"No","194","195","No","0.7","No","No","U","60","1:18","032024A","75001L04",113,"",NA,NA,NA,NA,NA,NA,NA,4,100,"BH",0.881914642,""
4744,"Baseline","A","Younger","M",4111,6,"No","249","247","No","0.4","No","No","U","50","3:00/3:30","042224A","",118,"Lot numbers not marked in data sheet but bleeds before and after this date, use the same lot numbers.",NA,NA,NA,NA,NA,NA,NA,9,238,"BH",1.602584603,"Lysed"
4744,"Treatment","A","Younger","M",4111,6,"No","251","244","No","0.4","No","No","U","52","1:38","032024A","75001L04",113,"",NA,NA,NA,NA,NA,NA,NA,9,231,"BH",1.602584603,""
4745,"Baseline","E","Younger","F",4111,6,"No","204","187","No","0.6","No","No","U","56","1:30","042224A","",118,"Lot numbers not marked in data sheet but bleeds before and after this date, use the same lot numbers.",175.2650448,54.82246395,0.312797478,24.11047205,95191.93894,16.10704684,543.1313417,7,184,"MRM",0.658007705,""
4745,"Heat","E","Younger","F",4111,6,"No","219","203","No","0.8","No","No","U/L","60","3:00/5:40","032024A","75001L04",113,"",NA,NA,NA,NA,NA,NA,NA,7,171,"MRM",3.467044805,"Lysed"
4745,"Treatment","E","Younger","F",4111,6,"No","223","222","No","0.7","No","No","U","56","1:57","","",113,"",NA,NA,NA,NA,NA,NA,NA,7,181,"MRM",0.658007705,"Lysed"
4748,"Baseline","C","Younger","F",4150,7,"No","318","No","No","No","No","No","L","54","5:00","042224A","75001L04",118,"Glucose after 3 min",NA,NA,NA,NA,NA,NA,NA,7,185,"MRM",1.23088564,"Lysed"
4748,"Treatment","C","Younger","F",4150,7,"No","204","No","No","No","No","No","U","54","3:00","032024A","",113,"",NA,NA,NA,NA,NA,NA,NA,7,176,"MRM",7.704549787,""
4749,"Baseline","D","Younger","F",4150,7,"No","234","230","No","0.3","No","No","U","52","1:47","042224A","75001L04",114,"",NA,NA,NA,NA,NA,NA,NA,3,74,"MRM",0.217798091,""
4749,"Treatment","D","Younger","F",4150,7,"No","211","220","No","0.3","0.3","No","U","50","","032124A","",113,"",NA,NA,NA,NA,NA,NA,NA,3,73,"MRM",2.671658128,"Lysed"
4752,"Baseline","D","Younger","F",4546,6,"No","242","232","No","0.4","No","No","U","50","1:23","042224A","",114,"Lot numbers not marked in data sheet but bleeds before and after this date, use the same lot numbers.",NA,NA,NA,NA,NA,NA,NA,1,13,"BH",0.091720635,""
4752,"Treatment","D","Younger","F",4546,6,"No","205","No","No","0.6","No","No","U/L","45","3:00/4:35","032024A","75001L04",113,"",NA,NA,NA,NA,NA,NA,NA,1,27,"BH",1.718498923,"Lysed"
4753,"Baseline","A","Younger","F",4113,6,"No","191","195","No","0.4","No","No","L","52","2:48","042224A","",114,"Lot numbers not marked in data sheet but bleeds before and after this date, use the same lot numbers.",NA,NA,NA,NA,NA,NA,NA,5,135,"BH",0.76453396,"Lysed"
4753,"Treatment","A","Younger","F",4113,6,"No","182","176","No","0.6","No","No","U","58","2:40","032024A","75001L04",113,"",NA,NA,NA,NA,NA,NA,NA,5,140,"BH",3.708382189,""
4755,"Baseline","A","Younger","F",4290,8,"No","214","198","No","0.5","No","No","U/L","54","2:41","032124A","75001L04",114,"",NA,NA,NA,NA,NA,NA,NA,6,146,"MRM",1.532691351,""
4755,"Treatment","A","Younger","F",4290,8,"No","232","224","No","0.4","No","No","U","60","1:30","032124A","75001L04",113,"",NA,NA,NA,NA,NA,NA,NA,6,149,"MRM",2.887861075,""
4756,"Baseline","A","Younger","M",4147,7,"No","323","315","No","0.3","No","No","U","42","1:21","042224A","75001L04",114,"Necrotic Leg, cut on 11/16",NA,NA,NA,NA,NA,NA,NA,3,80,"MRM",0.217798091,""
4756,"Treatment","A","Younger","M",4147,7,"No","222","221","No","0.3","0.2","No","No","No","3:00","032024A","",113,"",NA,NA,NA,NA,NA,NA,NA,3,67,"MRM",2.011924634,"Lysed"
4757,"Baseline","B","Younger","M",4147,7,"No","274","265","No","0.4","No","No","U","52","3:00/4:27","042224A","75001L04",114,"",NA,NA,NA,NA,NA,NA,NA,8,213,"BH",0.000500511,""
4757,"Treatment","B","Younger","M",4147,7,"No","306","257","241","0.4","0.3","No","U","54","2:00","032024A","",113,"",NA,NA,NA,NA,NA,NA,NA,8,208,"BH",12.9861866,""
4758,"Baseline","E","Younger","F",4147,7,"No","273","312","No","0.3","No","No","U/L","No","3:00/5:00","042224A","75001L04",114,"",290.0632392,44.87241867,0.154698744,23.40453367,169281.3734,15.15161322,583.60161,3,81,"MRM",0.615234883,"Lysed"
4758,"Heat","E","Younger","F",4147,7,"No","296","255","256","0.3","0.3","No","U","No","2:02","032024A","75001L04",113,"",NA,NA,NA,NA,NA,NA,NA,3,61,"MRM",0.569696585,""
4758,"Treatment","E","Younger","F",4147,7,"No","416","444","No","0.4","No","No","U/L","51","3:00/4:00","","",113,"",NA,NA,NA,NA,NA,NA,NA,3,58,"MRM",2.17814462,""
4759,"Baseline","D","Younger","F",4147,7,"No","219","234","No","0.5","No","No","L","52","3:00","042224A","75001L04",118,"",NA,NA,NA,NA,NA,NA,NA,8,207,"BH",1.645772805,"Lysed"
4759,"Treatment","D","Younger","F",4147,7,"No","233","243","No","0.3","0.2","No","U","50","","032124A","",113,"",NA,NA,NA,NA,NA,NA,NA,8,222,"BH",0.000500511,""
4761,"Baseline","B","Younger","F",4290,8,"Yes","206","208","No","0.5","No","No","L","54","1:55","032124A","75001L04",114,"",NA,NA,NA,NA,NA,NA,NA,6,160,"MRM",1.532691351,""
4761,"Treatment","B","Younger","F",4290,8,"Yes","No","No","No","No","No","No","L","No","No","032124A","75001L04",113,"",NA,NA,NA,NA,NA,NA,NA,6,145,"MRM",NA,"Error occurred during extraction could not run sample"
4763,"Baseline","A","Younger","F",4564,9,"No","201","185","No","0.6","No","No","U","56","1:50","032124A","75001L04",118,"Plasma color listed as U-o?",NA,NA,NA,NA,NA,NA,NA,8,209,"BH",0.000500511,"Lysed"
4763,"Treatment","A","Younger","F",4564,9,"No","213","204","No","0.4","No","No","U","56","1:30","032124A","75001L04",113,"",NA,NA,NA,NA,NA,NA,NA,8,199,"BH",0.708884704,""
4764,"Baseline","B","Younger","M",4564,11,"No","224","204","No","0.6","0.5","No","U","No","2:50","","",114,"Lot numbers not marked in data sheet but bleeds before and after this date, use the same lot numbers.",NA,NA,NA,NA,NA,NA,NA,NA,NA,NA,NA,NA
4764,"Treatment","B","Younger","M",4564,11,"No","290","292","No","0.4","No","No","U","51","3:00","0501249","75001L04",113,"",NA,NA,NA,NA,NA,NA,NA,2,43,"MRM",2.712101959,""
4765,"Baseline","D","Younger","F",4564,8,"No","308","290","No","0.5","No","No","L","54","3:00/6:00","032124A","75001L04",114,"",NA,NA,NA,NA,NA,NA,NA,8,218,"BH",0.000500511,"Lysed, This tube says D but the other tube says C"
4765,"Treatment","D","Younger","F",4564,8,"No","247","260","No","0.5","No","No","U","54","1:28","032124A","75001L04",113,"",NA,NA,NA,NA,NA,NA,NA,NA,NA,NA,NA,NA
4766,"Baseline","E","Younger","F",4564,9,"No","175","218","No","0.6","No","No","No","No","3:00","032124A","75001L04",114,"plasma tubes moved around in centrifuge",NA,NA,NA,NA,NA,NA,NA,6,168,"MRM",1.532691351,"Lysed"
4766,"Heat","E","Younger","F",4564,9,"No","287","286","No","0.7","No","No","U","56","3:00","032124A","75001L04",113,"",NA,NA,NA,NA,NA,NA,NA,6,142,"MRM",3.340644837,""
4766,"Treatment","E","Younger","F",4564,9,"No","254","237","No","0.6","0.5","No","U","53","1:54","","",113,"",NA,NA,NA,NA,NA,NA,NA,NA,NA,NA,NA,NA
4767,"Baseline","A","Younger","F",4171,7,"No","200","219","No","0.6","No","No","U","56","2:10","042224A","75001L04",118,"",NA,NA,NA,NA,NA,NA,NA,3,77,"MRM",0.877106089,"Lysed"
4767,"Treatment","A","Younger","F",4171,7,"No","177","160","No","0.6","0.4","No","No","No","1:28","032024A","",113,"",NA,NA,NA,NA,NA,NA,NA,3,57,"MRM",2.361363492,""
4768,"Baseline","B","Younger","F",4171,7,"Yes","203","202","No","0.5","No","No","U","56","1:15","042224A","75001L04",118,"",248.4030028,63.52162325,0.25572003,23.62920435,145122.3305,15.4100183,584.2213212,NA,NA,NA,NA,NA
4768,"Treatment","B","Younger","F",4171,7,"Yes","No","No","No","No","No","No","No","No","No","032024A","",113,"",NA,NA,NA,NA,NA,NA,NA,NA,NA,NA,NA,NA
4769,"Baseline","B","Younger","M",4171,11,"No","140","158","No","0.3","0.3","No","Y","56","1:40","","",118,"Lot numbers not marked in data sheet but bleeds before and after this date, use the same lot numbers.",NA,NA,NA,NA,NA,NA,NA,1,23,"BH",1.17900525,"Milky"
4769,"Treatment","B","Younger","M",4171,11,"No","227","235","No","0.5","No","No","U","57","3:00/5:00","0501249","75001L04",113,"",NA,NA,NA,NA,NA,NA,NA,1,22,"BH",2.821399072,"Lysed"
4770,"Baseline","A","Younger","M",4542,8,"No","312","302","No","0.4","No","No","U","52","3:00/5:00","032124A","75001L04",118,"",NA,NA,NA,NA,NA,NA,NA,6,163,"MRM",3.253882943,""
4770,"Treatment","A","Younger","M",4542,8,"No","295","299","No","0.5","No","No","U/L","50","3:00/5:00","032124A","75001L04",113,"",NA,NA,NA,NA,NA,NA,NA,6,150,"MRM",3.277431857,"Lysed"
4771,"Baseline","B","Younger","M",4542,8,"No","224","222","No","0.4","No","No","U","52","1:14","032124A","75001L04",118,"",NA,NA,NA,NA,NA,NA,NA,6,143,"MRM",1.532691351,""
4771,"Treatment","B","Younger","M",4542,8,"No","235","220","No","0.9","No","No","U","52","2:02","032124A","75001L04",113,"",NA,NA,NA,NA,NA,NA,NA,6,167,"MRM",3.869819614,""
4772,"Baseline","E","Younger","F",4542,8,"No","233","219","No","0.5","No","No","U","52","2:24","032124A","75001L04",114,"",NA,NA,NA,NA,NA,NA,NA,8,223,"BH",0.39931785,""
4772,"Heat","E","Younger","F",4542,8,"No","231","226","No","0.6","No","No","U","58","2:22","032124A","75001L04",113,"",NA,NA,NA,NA,NA,NA,NA,8,202,"BH",0.342576922,""
4772,"Treatment","E","Younger","F",4542,8,"No","242","232","No","0.6","0.6","No","U","53","","","",113,"",NA,NA,NA,NA,NA,NA,NA,8,214,"BH",0.16876722,""
4773,"Baseline","D","Younger","F",4542,8,"No","204","192","No","0.6","No","No","U/L","56","1:35","032124A","75001L04",118,"",NA,NA,NA,NA,NA,NA,NA,5,125,"BH",0.837182101,""
4773,"Treatment","D","Younger","F",4542,8,"No","204","215","No","0.6","No","No","U/L","54","3:00/6:42","032124A","75001L04",113,"",NA,NA,NA,NA,NA,NA,NA,5,138,"BH",0.927141034,""
4774,"Baseline","B","Younger","F",4564,9,"Yes","243","224","No","0.4","No","No","No","No","3:00","032124A","75001L04",114,"plasma tubes moved around in centrifuge",NA,NA,NA,NA,NA,NA,NA,7,178,"MRM",0.658007705,""
4774,"Treatment","B","Younger","F",4564,9,"Yes","No","No","No","No","No","No","No","No","No","032124A","75001L04",113,"",NA,NA,NA,NA,NA,NA,NA,7,190,"MRM",0.658007705,""
4775,"Baseline","C","Younger","F",4171,7,"Yes","182","192","No","0.4","No","No","U","58","2:12","042224A","75001L04",114,"",216.3703407,27.55913171,0.127370191,23.815145,159320.417,15.25185885,736.3320519,NA,NA,NA,NA,NA
4775,"Treatment","C","Younger","F",4171,7,"Yes","No","No","No","No","No","No","No","No","No","032024A","",113,"",NA,NA,NA,NA,NA,NA,NA,NA,NA,NA,NA,NA
4776,"Baseline","C","Younger","F",4542,8,"No","203","186","No","0.4","No","No","U/L","52","3:00","032124A","75001L04",114,"",NA,NA,NA,NA,NA,NA,NA,5,139,"BH",2.662846779,"Lysed"
4776,"Treatment","C","Younger","F",4542,8,"No","236","No","No","0.3","No","No","U","54","3:00/5:03","032124A","75001L04",113,"",NA,NA,NA,NA,NA,NA,NA,5,136,"BH",1.531251264,""
4777,"Baseline","E","Younger","F",4364,7,"No","210","205","No","0.5","No","No","U","50","2:30","032124A","75001L04",118,"",NA,NA,NA,NA,NA,NA,NA,2,42,"MRM",0.519557671,""
4777,"Heat","E","Younger","F",4364,7,"No","303","290","No","0.4","0.4","No","U","No","1:46","032024A","75001L04",113,"",NA,NA,NA,NA,NA,NA,NA,2,52,"MRM",1.308784201,""
4777,"Treatment","E","Younger","F",4364,7,"No","288","269","No","0.4","No","No","U","48","1:48","","",113,"",NA,NA,NA,NA,NA,NA,NA,2,34,"MRM",0.423809289,""
4778,"Baseline","B","Younger","M",4364,11,"No","292","287","No","0.3","0.3","No","U","46","2:41","","",114,"Lot numbers not marked in data sheet but bleeds before and after this date, use the same lot numbers.",NA,NA,NA,NA,NA,NA,NA,5,119,"BH",2.286843914,""
4778,"Treatment","B","Younger","M",4364,11,"No","284","274","No","0.4","No","No","U","54","2:56","0501249","75001L04",113,"",NA,NA,NA,NA,NA,NA,NA,5,114,"BH",2.217366819,""
4779,"Baseline","A","Younger","M",4364,11,"No","218","204","No","0.8","0.8","No","U","No","3:00","","",114,"Lot numbers not marked in data sheet but bleeds before and after this date, use the same lot numbers.",NA,NA,NA,NA,NA,NA,NA,8,203,"BH",0.000500511,""
4779,"Treatment","A","Younger","M",4364,11,"No","231","No","No","0.4","No","No","U","52","2:16","0501249","75001L04",113,"",NA,NA,NA,NA,NA,NA,NA,8,206,"BH",0.000500511,""
4780,"Baseline","A","Younger","M",4364,11,"No","254","232","No","0.4","0.3","No","U","51","3:00","","",114,"Possible broken toenail a day before, blood seen on perch, housed with 4779 (no blood on bird or visible signs of injury",NA,NA,NA,NA,NA,NA,NA,NA,NA,NA,NA,NA
4780,"Treatment","A","Younger","M",4364,11,"No","282","285","No","0.3","No","No","U","54","3:00","0501249","75001L04",113,"",NA,NA,NA,NA,NA,NA,NA,2,53,"MRM",1.452754882,""
4781,"Baseline","A","Younger","M",4127,9,"No","234","236","No","0.6","No","No","U","50","3:00","032124A","75001L04",118,"Plasma color listed as U-o?",NA,NA,NA,NA,NA,NA,NA,6,151,"MRM",1.871436905,"Lysed"
4781,"Treatment","A","Younger","M",4127,9,"No","291","292","No","0.6","No","No","U","54","2:02","032124A","75001L04",113,"",NA,NA,NA,NA,NA,NA,NA,NA,NA,NA,NA,NA
4782,"Baseline","C","Younger","F",4127,8,"No","232","194","146","0.4","No","No","U/L","56","3:00/5:00","032124A","75001L04",118,"coagulated",NA,NA,NA,NA,NA,NA,NA,3,78,"MRM",0.578663886,"Lysed"
4782,"Treatment","C","Younger","F",4127,8,"No","243","221","243","0.5","0.4","No","U","52","1:48","032124A","75001L04",113,"",NA,NA,NA,NA,NA,NA,NA,3,66,"MRM",0.217798091,""
4783,"Baseline","B","Younger","M",4127,9,"No","230","233","No","0.5","No","No","U","60","1:48","032124A","75001L04",118,"Plasma color listed as U-r?",NA,NA,NA,NA,NA,NA,NA,4,91,"BH",0.631540734,""
4783,"Treatment","B","Younger","M",4127,9,"No","231","245","No","0.6","No","No","U","58","2:16","032124A","75001L04",113,"",NA,NA,NA,NA,NA,NA,NA,4,92,"BH",1.980734019,""
4784,"Baseline","E","Younger","F",4127,8,"No","320","317","No","0.7","No","No","L","52","3:00/4:05","032124A","75001L04",118,"",109.4248156,28.94593675,0.264528084,24.77242396,165005.4141,15.19324229,1507.93413,2,48,"MRM",0.988118686,"Lysed"
4784,"Heat","E","Younger","F",4127,8,"No","321","No","No","0.3","No","No","U","52","2:06","032124A","75001L04",113,"",NA,NA,NA,NA,NA,NA,NA,2,44,"MRM",3.443080015,""
4784,"Treatment","E","Younger","F",4127,8,"No","314","301","No","0.6","0.4","No","U","50","","","",113,"",NA,NA,NA,NA,NA,NA,NA,2,38,"MRM",0.823198309,""
4785,"Baseline","E","Younger","F",4124,9,"No","No","No","No","No","No","No","No","No","3:00/5:35","032124A","75001L04",118,"",NA,NA,NA,NA,NA,NA,NA,NA,NA,NA,NA,NA
4785,"Heat","E","Younger","F",4124,9,"No","244","","No","0.7","No","No","U","57","3:00","032124A","75001L04",113,"Glucose 2 has been written as 22, likely a mistake",NA,NA,NA,NA,NA,NA,NA,7,175,"MRM",2.393489826,""
4785,"Treatment","E","Younger","F",4124,9,"No","268","253","No","0.6","0.4","0.5","U","50","2:04","","",113,"",NA,NA,NA,NA,NA,NA,NA,7,177,"MRM",0.658007705,""
4786,"Baseline","A","Younger","F",4124,10,"No","282","274","No","0.4","No","No","U/L","52","3:00","032024A","75001L04",118,"",NA,NA,NA,NA,NA,NA,NA,3,65,"MRM",0.331114371,""
4786,"Treatment","A","Younger","F",4124,10,"No","232","231","No","0.6","No","No","U","52","1:44","032124A","75001L04",113,"",NA,NA,NA,NA,NA,NA,NA,3,68,"MRM",0.949858198,"Lysed"
4787,"Baseline","B","Younger","M",4124,10,"No","No","No","No","No","No","No","U","50","3:00","032024A","75001L04",118,"",NA,NA,NA,NA,NA,NA,NA,7,182,"MRM",0.658007705,""
4787,"Treatment","B","Younger","M",4124,10,"No","251","245","No","0.4","No","No","U","48","2:00","032124A","75001L04",113,"",NA,NA,NA,NA,NA,NA,NA,7,169,"MRM",5.16971449,""
4788,"Baseline","B","Younger","M",4432,10,"No","258","212","No","0.3","No","No","U","54","3:00","032124A","75001L04",114,"",NA,NA,NA,NA,NA,NA,NA,3,64,"MRM",0.735578673,""
4788,"Treatment","B","Younger","M",4432,10,"No","231","221","No","0.6","No","No","U","56","2:07","032124A","75001L04",113,"",NA,NA,NA,NA,NA,NA,NA,3,71,"MRM",2.269429154,""
4789,"Baseline","A","Younger","M",4432,10,"No","212","196","No","0.4","No","No","U","52","1:38","032024A","75001L04",118,"",NA,NA,NA,NA,NA,NA,NA,4,105,"BH",0.631540734,""
4789,"Treatment","A","Younger","M",4432,10,"No","226","234","No","0.4","No","No","U","54","2:43","032124A","75001L04",113,"",NA,NA,NA,NA,NA,NA,NA,4,102,"BH",6.065015104,""
4790,"Baseline","A","Younger","M",4432,11,"No","284","268","No","0.4","0.4","No","U/L","53","3:00","","",118,"Lot numbers not marked in data sheet but bleeds before and after this date, use the same lot numbers.",NA,NA,NA,NA,NA,NA,NA,NA,NA,NA,NA,NA
4790,"Treatment","A","Younger","M",4432,11,"No","203","242","No","0.6","No","No","No","No","3:00/4:06","0501249","75001L04",113,"",NA,NA,NA,NA,NA,NA,NA,NA,NA,NA,NA,NA
4791,"Baseline","B","Younger","M",4127,9,"No","263","210","No","0.4","No","No","No","No","1:54","032124A","75001L04",114,"plasma tubes moved around in centrifuge",NA,NA,NA,NA,NA,NA,NA,4,94,"BH",0.631540734,""
4791,"Treatment","B","Younger","M",4127,9,"No","220","251","No","0.4","No","No","U","57","2:52","032124A","75001L04",113,"",NA,NA,NA,NA,NA,NA,NA,4,99,"BH",1.639924565,""
4792,"Baseline","B","Younger","F",4168,10,"No","198","195","No","0.5","No","No","U/L","56","2:23","032024A","75001L04",118,"",117.6715199,60.4338314,0.513580784,24.6742961,123224.7622,15.68002101,1047.192747,5,137,"BH",1.413558676,"Lysed"
4792,"Treatment","B","Younger","F",4168,10,"No","261","280","No","0.6","No","No","U","56","1:58","032124A","75001L04",113,"",NA,NA,NA,NA,NA,NA,NA,5,117,"BH",3.137022105,""
4793,"Baseline","A","Younger","M",4168,10,"No","263","No","No","No","No","No","L","52","3:00/5:29","032124A","75001L04",114,"",NA,NA,NA,NA,NA,NA,NA,4,95,"BH",0.631540734,"Lysed"
4793,"Treatment","A","Younger","M",4168,10,"No","220","228","No","0.4","No","No","U","54","2:08","032124A","75001L04",113,"",NA,NA,NA,NA,NA,NA,NA,NA,NA,NA,NA,NA
4794,"Baseline","A","Younger","M",4124,9,"No","273","284","No","0.4","No","No","No","No","3:00/5:40","032124A","75001L04",114,"plasma tubes moved around in centrifuge",NA,NA,NA,NA,NA,NA,NA,1,26,"BH",0.123176937,"Lysed"
4794,"Treatment","A","Younger","M",4124,9,"No","303","313","No","0.6","No","No","U","55","3:00/4:17","032124A","75001L04",113,"",NA,NA,NA,NA,NA,NA,NA,1,9,"BH",1.800608217,""
4795,"Baseline","D","Younger","F",4432,10,"No","207","194","No","0.5","No","No","L","52","2:34","032024A","75001L04",118,"",NA,NA,NA,NA,NA,NA,NA,6,159,"MRM",1.532691351,""
4795,"Treatment","D","Younger","F",4432,10,"No","295","274","No","0.5","0.5","0.5","U","49","2:26","032124A","75001L04",113,"",NA,NA,NA,NA,NA,NA,NA,6,162,"MRM",1.532691351,"Lysed"
4796,"Baseline","A","Younger","F",4388,9,"No","202","201","No","0.5","No","No","No","No","2:30","032124A","75001L04",114,"plasma tubes moved around in centrifuge",NA,NA,NA,NA,NA,NA,NA,4,112,"BH",NA,"DON’T HAVE THIS SAMPLE BECAUSE WE HAVE TUBE 5 "
4796,"Treatment","A","Younger","F",4388,9,"No","235","236","No","0.6","No","No","U","54","2:17","032124A","75001L04",113,"",NA,NA,NA,NA,NA,NA,NA,4,90,"BH",2.422497098,""
4797,"Baseline","B","Younger","F",4388,9,"No","215","215","No","0.4","No","No","U","53","1:50","032124A","75001L04",118,"",NA,NA,NA,NA,NA,NA,NA,3,82,"MRM",0.265354158,"Lysed"
4797,"Treatment","B","Younger","F",4388,9,"No","198","199","No","0.4","No","No","U","58","3:00","032124A","75001L04",113,"",NA,NA,NA,NA,NA,NA,NA,3,59,"MRM",2.449632933,""
4798,"Baseline","D","Younger","F",4168,10,"Yes","235","227","No","0.6","No","No","L","52","3:00/4:18","032124A","75001L04",114,"",120.3870362,71.40472218,0.59312634,24.63754749,192177.3553,14.94719264,1596.329317,NA,NA,NA,NA,NA
4798,"Treatment","D","Younger","F",4168,10,"Yes","No","No","No","No","No","No","No","No","No","032124A","75001L04",113,"",NA,NA,NA,NA,NA,NA,NA,NA,NA,NA,NA,NA
4800,"Baseline","B","Younger","M",4594,12,"No","225","No","No","No","No","No","U/L","52","3:00/4:15","032124A","75001L04",118,"",NA,NA,NA,NA,NA,NA,NA,NA,NA,NA,NA,NA
4800,"Treatment","B","Younger","M",4594,12,"No","No","No","No","No","No","No","U/L","No","3:00/4:40","","75001L04",113,"",NA,NA,NA,NA,NA,NA,NA,NA,NA,NA,NA,NA
4801,"Baseline","A","Younger","F",4594,10,"No","223","218","No","0.6","No","No","L","54","3:00/4:56","032124A","75001L04",114,"",NA,NA,NA,NA,NA,NA,NA,4,109,"BH",0.631540734,"Lysed"
4801,"Treatment","A","Younger","F",4594,10,"No","215","193","No","0.4","No","No","U","54","3:00","032124A","75001L04",113,"",NA,NA,NA,NA,NA,NA,NA,4,101,"BH",3.369080281,"Lysed"
4802,"Baseline","B","Younger","F",4594,10,"Yes","169","171","No","0.4","No","No","U ","52","1:49","032124A","75001L04",114,"",233.075745,72.8484454,0.312552666,23.71191016,119619.5033,15.75002697,513.2215851,NA,NA,NA,NA,NA
4802,"Treatment","B","Younger","F",4594,10,"Yes","No","No","No","No","No","No","No","No","No","032124A","75001L04",113,"",NA,NA,NA,NA,NA,NA,NA,NA,NA,NA,NA,NA
4803,"Baseline","B","Younger","M",4594,12,"No","No","No","No","No","No","No","U/L","54","3:00","032124A","75001L04",114,"",NA,NA,NA,NA,NA,NA,NA,2,33,"MRM",0.423809289,"Lysed"
4803,"Treatment","B","Younger","M",4594,12,"No","268","325","251","0.3","0.3","No","U","57","3:00","","75001L04",113,"",NA,NA,NA,NA,NA,NA,NA,2,31,"MRM",2.422809004,""
4804,"Baseline","B","Younger","M",4601,12,"No","No","No","No","No","No","No","U/L","56","3:00","032124A","75001L04",118,"",NA,NA,NA,NA,NA,NA,NA,1,14,"BH",0.064070722,"Lysed"
4804,"Treatment","B","Younger","M",4601,12,"No","251","246","No","0.4","0.4","No","U","57","2:34","","75001L04",113,"",NA,NA,NA,NA,NA,NA,NA,1,24,"BH",2.627237493,""
4805,"Baseline","C","Younger","F",4601,11,"No","234","266","242","0.5","0.4","No","U","50","2:35","","",114,"Lot numbers not marked in data sheet but bleeds before and after this date, use the same lot numbers.",NA,NA,NA,NA,NA,NA,NA,1,10,"BH",1.996563256,""
4805,"Treatment","C","Younger","F",4601,11,"No","246","261","No","0.6","No","No","U","52","2:06","0501249","75001L04",113,"",NA,NA,NA,NA,NA,NA,NA,1,21,"BH",0.740387226,""
4806,"Baseline","A","Younger","F",4601,12,"No","234","No","No","0.4","No","No","U","56","3:00","032124A","75001L04",118,"",NA,NA,NA,NA,NA,NA,NA,9,227,"BH",1.602584603,""
4806,"Treatment","A","Younger","F",4601,12,"No","254","205","No","0.4","","No","U/L","55","3:00/4:45","","75001L04",113,"Ketone 2 entered as E3",NA,NA,NA,NA,NA,NA,NA,9,236,"BH",3.222276453,"Lysed"
4807,"Baseline","A","Younger","F",4184,12,"No","180","181","No","0.5","No","No","U","58","1:19","032124A","75001L04",114,"",NA,NA,NA,NA,NA,NA,NA,2,54,"MRM",0.665711695,""
4807,"Treatment","A","Younger","F",4184,12,"No","205","205","No","0.5","0.4","No","U","57","1:18","","75001L04",113,"",NA,NA,NA,NA,NA,NA,NA,2,37,"MRM",1.365031277,""
4808,"Baseline","A","Younger","F",4184,11,"No","166","159","No","0.6","0.7","No","U","58","2:20","","",118,"Lot numbers not marked in data sheet but bleeds before and after this date, use the same lot numbers.",NA,NA,NA,NA,NA,NA,NA,1,1,"BH",1.493458635,""
4808,"Treatment","A","Younger","F",4184,11,"No","248","258","No","0.6","No","No","U","55","2:21","0501249","75001L04",113,"",NA,NA,NA,NA,NA,NA,NA,1,12,"BH",0.691885819,""
4809,"Baseline","B","Younger","F",4601,11,"No","182","185","No","0.6","0.6","No","U","57","1:26","","",118,"Lot numbers not marked in data sheet but bleeds before and after this date, use the same lot numbers.",NA,NA,NA,NA,NA,NA,NA,2,45,"MRM",0.551112176,""
4809,"Treatment","B","Younger","F",4601,11,"No","307","356","No","0.6","No","No","U/L","60","3:00","0501249","75001L04",113,"",NA,NA,NA,NA,NA,NA,NA,2,39,"MRM",1.330019812,""
4810,"Baseline","B","Younger","F",4601,12,"Yes","201","185","No","0.6","No","No","U/L","54","1:35","032124A","75001L04",114,"",85.19956238,15.22123646,0.178653928,25.1242866,94429.19265,16.12433731,1108.32955,NA,NA,NA,NA,NA
4810,"Treatment","B","Younger","F",4601,12,"Yes","No","No","No","No","No","No","No","No","No","","75001L04",113,"",NA,NA,NA,NA,NA,NA,NA,NA,NA,NA,NA,NA
4812,"Baseline","A","Younger","M",4184,12,"No","241","217","No","0.7","No","No","U/L","52/54","3:00/5:30","032124A","75001L04",118,"Spitting Saliva",NA,NA,NA,NA,NA,NA,NA,1,4,"BH",0.091720635,""
4812,"Treatment","A","Younger","M",4184,12,"No","188","190","No","0.6","0.6","No","U","61","1:33","","75001L04",113,"",NA,NA,NA,NA,NA,NA,NA,1,3,"BH",0.112884034,""
4813,"Baseline","A","Younger","M",4578,12,"No","210","204","No","0.4","No","No","U ","60","2:04","032124A","75001L04",114,"",NA,NA,NA,NA,NA,NA,NA,7,172,"MRM",1.173208994,""
4813,"Treatment","A","Younger","M",4578,12,"No","218","215","No","0.4","0.3","No","U","58","1:34","","75001L04",113,"",NA,NA,NA,NA,NA,NA,NA,7,186,"MRM",1.354062578,""
4814,"Baseline","C","Younger","F",4184,11,"No","174","140","No","0.7","0.6","No","U/L","55","2:50","","",118,"Lot numbers not marked in data sheet but bleeds before and after this date, use the same lot numbers.",NA,NA,NA,NA,NA,NA,NA,3,60,"MRM",0.682268713,"Lysed"
4814,"Treatment","C","Younger","F",4184,11,"No","216","No","No","0.7","No","No","U","62","3:00/5:00","0501249","75001L04",113,"",NA,NA,NA,NA,NA,NA,NA,3,75,"MRM",2.902078797,"Lysed"
4816,"Baseline","B","Younger","M",4340,12,"No","249","256","No","0.3","No","No","U","50","2:04","032124A","75001L04",114,"",NA,NA,NA,NA,NA,NA,NA,7,173,"MRM",0.658007705,""
4816,"Treatment","B","Younger","M",4340,12,"No","253","253","No","0.5","0.6","No","U","55","1:27","","75001L04",113,"",NA,NA,NA,NA,NA,NA,NA,7,193,"MRM",2.408981164,""
4817,"Baseline","B","Younger","F",NA,12,"Yes","237","249","No","0.3","No","No","U","54","2:05","032124A","75001L04",118,"",166.9956374,48.98423167,0.293326415,24.1803855,155622.5843,15.29069829,931.8961064,2,40,"MRM",0.423809289,""
4817,"Treatment","B","Younger","F",NA,12,"Yes","347","338","No","0.7","0.7","No","U","48","1:27","","75001L04",113,"",NA,NA,NA,NA,NA,NA,NA,2,50,"MRM",8.566112552,""
